,SalePrice
SalePrice,1.0
OverallQual,0.7909816005838047
GrLivArea,0.7086244776126511
GarageCars,0.640409197258349
GarageArea,0.6234314389183598
TotalBsmtSF,0.6135805515591944
1stFlrSF,0.6058521846919166
FullBath,0.5606637627484452
TotRmsAbvGrd,0.5337231555820238
YearBuilt,0.5228973328794967
YearRemodAdd,0.5071009671113867
GarageYrBlt,0.48636167748786213
MasVnrArea,0.4774930470957107
Fireplaces,0.4669288367515242
BsmtFinSF1,0.38641980624215627
LotFrontage,0.35179909657067854
WoodDeckSF,0.32441344456813076
2ndFlrSF,0.31933380283206614
OpenPorchSF,0.31585622711605577
HalfBath,0.2841076755947784
LotArea,0.2638433538714063
BsmtFullBath,0.22712223313149718
BsmtUnfSF,0.214479105546969
BedroomAbvGr,0.1682131543007415
ScreenPorch,0.11144657114291048
PoolArea,0.09240354949187278
MoSold,0.04643224522381936
3SsnPorch,0.04458366533574792
BsmtFinSF2,-0.011378121450215216
BsmtHalfBath,-0.016844154297359294
MiscVal,-0.02118957964030379
Id,-0.021916719443431112
LowQualFinSF,-0.02560613000068015
YrSold,-0.028922585168730426
OverallCond,-0.0778558940486776
EnclosedPorch,-0.12857795792595636
KitchenAbvGr,-0.1359073708421417
